timeStamp,elapsed,label,responseCode,responseMessage,threadName,dataType,success,failureMessage,bytes,sentBytes,grpThreads,allThreads,Latency,IdleTime,Connect
1486273481866,568,wordpress,200,OK,User 1-2,text,true,,21002,381,10,10,5,0,3
1486273481863,611,wordpress,200,OK,User 1-1,text,true,,21002,381,10,10,2,0,1
1486273481867,643,wordpress,200,OK,User 1-3,text,true,,21002,381,10,10,3,0,2
1486273481871,643,wordpress,200,OK,User 1-5,text,true,,21002,381,10,10,3,0,2
1486273481872,643,wordpress,200,OK,User 1-6,text,true,,21002,381,10,10,4,0,1
1486273481868,650,wordpress,200,OK,User 1-4,text,true,,21002,381,10,10,6,0,2
1486273481876,1406,wordpress,200,OK,User 1-9,text,true,,21002,381,10,10,19,0,3
1486273482476,827,wordpress,200,OK,User 1-1,text,true,,21001,381,10,10,2,0,0
1486273482436,943,wordpress,200,OK,User 1-2,text,true,,21001,381,10,10,1,0,0
1486273481876,1541,wordpress,200,OK,User 1-8,text,true,,21002,381,10,10,41,0,4
1486273482519,965,wordpress,200,OK,User 1-4,text,true,,21001,381,10,10,2,0,0
1486273482515,988,wordpress,200,OK,User 1-5,text,true,,21001,381,10,10,1,0,0
1486273482516,1002,wordpress,200,OK,User 1-6,text,true,,21001,381,10,10,1,0,0
1486273482511,1009,wordpress,200,OK,User 1-3,text,true,,21001,381,10,10,1,0,0
1486273481879,1690,wordpress,200,OK,User 1-7,text,true,,21002,381,10,10,55,0,1
1486273481878,1707,wordpress,200,OK,User 1-10,text,true,,21002,381,10,10,53,0,2
1486273483283,568,wordpress,200,OK,User 1-9,text,true,,21001,381,10,10,1,0,0
1486273483307,607,wordpress,200,OK,User 1-1,text,true,,21001,381,10,10,1,0,0
1486273483380,714,wordpress,200,OK,User 1-2,text,true,,21001,381,10,10,1,0,0
1486273483418,708,wordpress,200,OK,User 1-8,text,true,,21001,381,10,10,1,0,0
1486273483485,671,wordpress,200,OK,User 1-4,text,true,,21001,381,10,10,35,0,0
1486273483504,716,wordpress,200,OK,User 1-5,text,true,,21001,381,10,10,1,0,0
1486273483521,785,wordpress,200,OK,User 1-3,text,true,,21001,381,10,10,2,0,0
1486273483570,772,wordpress,200,OK,User 1-7,text,true,,21001,381,10,10,1,0,0
1486273483518,899,wordpress,200,OK,User 1-6,text,true,,21001,381,10,10,14,0,0
1486273483586,888,wordpress,200,OK,User 1-10,text,true,,21001,381,10,10,1,0,0
1486273483852,796,wordpress,200,OK,User 1-9,text,true,,21001,381,10,10,2,0,0
1486273483915,1061,wordpress,200,OK,User 1-1,text,true,,21002,381,10,10,2,0,1
1486273484156,888,wordpress,200,OK,User 1-4,text,true,,21002,381,10,10,2,0,1
1486273484095,965,wordpress,200,OK,User 1-2,text,true,,21002,381,10,10,3,0,2
1486273484221,899,wordpress,200,OK,User 1-5,text,true,,21002,381,10,10,2,0,1
1486273484306,838,wordpress,200,OK,User 1-3,text,true,,21002,381,10,10,3,0,2
1486273484127,1017,wordpress,200,OK,User 1-8,text,true,,21002,381,10,10,4,0,2
1486273484343,816,wordpress,200,OK,User 1-7,text,true,,21002,381,10,10,2,0,1
1486273484417,767,wordpress,200,OK,User 1-6,text,true,,21002,381,10,10,3,0,2
1486273484475,716,wordpress,200,OK,User 1-10,text,true,,21002,381,10,10,2,0,1
1486273484649,599,wordpress,200,OK,User 1-9,text,true,,21002,381,10,10,4,0,3
1486273485044,222,wordpress,200,OK,User 1-4,text,true,,21001,381,10,10,1,0,0
1486273484977,310,wordpress,200,OK,User 1-1,text,true,,21001,381,10,10,1,0,0
1486273485184,543,wordpress,200,OK,User 1-6,text,true,,21001,381,10,10,1,0,0
1486273485060,724,wordpress,200,OK,User 1-2,text,true,,21001,381,10,10,1,0,0
1486273485192,637,wordpress,200,OK,User 1-10,text,true,,21001,381,10,10,1,0,0
1486273485120,795,wordpress,200,OK,User 1-5,text,true,,21001,381,10,10,2,0,0
1486273485267,688,wordpress,200,OK,User 1-4,text,true,,21001,381,10,10,1,0,0
1486273485160,798,wordpress,200,OK,User 1-7,text,true,,21001,381,10,10,1,0,0
1486273485248,736,wordpress,200,OK,User 1-9,text,true,,21001,381,10,10,1,0,0
1486273485144,844,wordpress,200,OK,User 1-3,text,true,,21001,381,10,10,1,0,0
1486273485144,852,wordpress,200,OK,User 1-8,text,true,,21001,381,10,10,1,0,0
1486273485288,739,wordpress,200,OK,User 1-1,text,true,,21001,381,10,10,1,0,0
1486273485728,784,wordpress,200,OK,User 1-6,text,true,,21001,381,10,10,11,0,0
1486273485785,752,wordpress,200,OK,User 1-2,text,true,,21001,381,10,10,2,0,0
1486273485830,730,wordpress,200,OK,User 1-10,text,true,,21001,381,10,10,2,0,0
1486273485915,683,wordpress,200,OK,User 1-5,text,true,,21001,381,10,10,4,0,0
1486273485984,667,wordpress,200,OK,User 1-9,text,true,,21001,381,10,10,12,0,0
1486273485989,731,wordpress,200,OK,User 1-3,text,true,,21001,381,10,10,13,0,0
1486273485997,746,wordpress,200,OK,User 1-8,text,true,,21001,381,10,10,9,0,0
1486273485958,807,wordpress,200,OK,User 1-7,text,true,,21001,381,10,10,17,0,0
1486273485955,823,wordpress,200,OK,User 1-4,text,true,,21001,381,10,10,21,0,0
1486273486028,813,wordpress,200,OK,User 1-1,text,true,,21002,381,10,10,1,0,1
1486273486513,877,wordpress,200,OK,User 1-6,text,true,,21002,381,10,10,3,0,2
1486273486842,581,wordpress,200,OK,User 1-1,text,true,,21001,381,10,10,1,0,0
1486273486561,968,wordpress,200,OK,User 1-10,text,true,,21002,381,10,10,2,0,1
1486273486538,996,wordpress,200,OK,User 1-2,text,true,,21002,381,10,10,3,0,2
1486273486599,954,wordpress,200,OK,User 1-5,text,true,,21002,381,10,10,2,0,1
1486273486652,913,wordpress,200,OK,User 1-9,text,true,,21002,381,10,10,1,0,1
1486273487391,180,wordpress,200,OK,User 1-6,text,true,,21001,381,10,10,1,0,0
1486273486765,808,wordpress,200,OK,User 1-7,text,true,,21002,381,10,10,2,0,1
1486273486721,864,wordpress,200,OK,User 1-3,text,true,,21002,381,10,10,2,0,1
1486273486744,845,wordpress,200,OK,User 1-8,text,true,,21002,381,10,10,2,0,1
1486273486778,827,wordpress,200,OK,User 1-4,text,true,,21002,381,10,10,3,0,2
1486273487423,222,wordpress,200,OK,User 1-1,text,true,,21001,381,10,10,1,0,0
1486273487535,609,wordpress,200,OK,User 1-2,text,true,,21001,381,10,10,1,0,0
1486273487606,635,wordpress,200,OK,User 1-4,text,true,,21001,381,10,10,0,0,0
1486273487574,685,wordpress,200,OK,User 1-7,text,true,,21001,381,10,10,1,0,0
1486273487530,738,wordpress,200,OK,User 1-10,text,true,,21001,381,10,10,1,0,0
1486273487590,705,wordpress,200,OK,User 1-8,text,true,,21001,381,10,10,3,0,0
1486273487572,727,wordpress,200,OK,User 1-6,text,true,,21001,381,10,10,1,0,0
1486273487566,735,wordpress,200,OK,User 1-9,text,true,,21001,381,10,10,0,0,0
1486273487554,750,wordpress,200,OK,User 1-5,text,true,,21001,381,10,10,0,0,0
1486273487586,729,wordpress,200,OK,User 1-3,text,true,,21001,381,10,10,1,0,0
1486273487645,706,wordpress,200,OK,User 1-1,text,true,,21001,381,10,10,8,0,0
1486273488145,717,wordpress,200,OK,User 1-2,text,true,,21001,381,10,10,12,0,0
1486273488241,630,wordpress,200,OK,User 1-4,text,true,,21001,381,10,10,19,0,0
1486273488305,666,wordpress,200,OK,User 1-5,text,true,,21001,381,10,10,36,0,0
1486273488299,736,wordpress,200,OK,User 1-6,text,true,,21001,381,10,10,10,0,0
1486273488259,794,wordpress,200,OK,User 1-7,text,true,,21001,381,10,10,6,0,0
1486273488315,741,wordpress,200,OK,User 1-3,text,true,,21001,381,10,10,10,0,0
1486273488302,761,wordpress,200,OK,User 1-9,text,true,,21001,381,10,10,7,0,0
1486273488269,802,wordpress,200,OK,User 1-10,text,true,,21001,381,10,10,25,0,0
1486273488296,791,wordpress,200,OK,User 1-8,text,true,,21001,381,10,10,3,0,0
1486273488352,992,wordpress,200,OK,User 1-1,text,true,,21002,381,10,10,2,0,1
1486273488871,876,wordpress,200,OK,User 1-4,text,true,,21002,381,10,10,2,0,1
1486273489344,405,wordpress,200,OK,User 1-1,text,true,,21001,381,10,10,1,0,0
1486273488864,923,wordpress,200,OK,User 1-2,text,true,,21002,381,10,10,4,0,2
1486273488972,879,wordpress,200,OK,User 1-5,text,true,,21002,381,10,10,2,0,1
1486273489057,818,wordpress,200,OK,User 1-3,text,true,,21002,381,10,10,3,0,2
1486273489087,808,wordpress,200,OK,User 1-8,text,true,,21002,381,10,10,2,0,1
1486273489071,824,wordpress,200,OK,User 1-10,text,true,,21002,381,10,10,2,0,1
1486273489036,863,wordpress,200,OK,User 1-6,text,true,,21002,381,10,10,2,0,1
1486273489063,840,wordpress,200,OK,User 1-9,text,true,,21002,381,10,10,2,0,1
1486273489053,862,wordpress,200,OK,User 1-7,text,true,,21002,381,10,10,3,0,2
1486273489750,336,wordpress,200,OK,User 1-1,text,true,,21001,381,10,10,1,0,0
1486273489748,460,wordpress,200,OK,User 1-4,text,true,,21001,381,10,10,2,0,0
1486273489788,558,wordpress,200,OK,User 1-2,text,true,,21001,381,10,10,1,0,0
1486273489852,699,wordpress,200,OK,User 1-5,text,true,,21001,381,10,10,1,0,0
1486273489916,674,wordpress,200,OK,User 1-7,text,true,,21001,381,10,10,0,0,0
1486273489903,700,wordpress,200,OK,User 1-9,text,true,,21001,381,10,10,1,0,0
1486273489899,720,wordpress,200,OK,User 1-6,text,true,,21001,381,10,10,1,0,0
1486273489876,770,wordpress,200,OK,User 1-3,text,true,,21001,381,10,10,0,0,0
1486273489896,793,wordpress,200,OK,User 1-10,text,true,,21001,381,10,10,1,0,0
1486273489896,832,wordpress,200,OK,User 1-8,text,true,,21001,381,10,10,1,0,0
1486273490087,669,wordpress,200,OK,User 1-1,text,true,,21001,381,10,10,2,0,0
1486273490209,783,wordpress,200,OK,User 1-4,text,true,,21001,381,10,10,1,0,0
1486273490346,712,wordpress,200,OK,User 1-2,text,true,,21001,381,10,10,13,0,0
1486273490591,681,wordpress,200,OK,User 1-7,text,true,,21001,381,10,10,4,0,0
1486273490552,743,wordpress,200,OK,User 1-5,text,true,,21001,381,10,10,1,0,0
1486273490619,712,wordpress,200,OK,User 1-6,text,true,,21001,381,10,10,2,0,0
1486273490604,731,wordpress,200,OK,User 1-9,text,true,,21001,381,10,10,1,0,0
1486273490647,738,wordpress,200,OK,User 1-3,text,true,,21001,381,10,10,3,0,0
1486273490689,822,wordpress,200,OK,User 1-10,text,true,,21001,381,10,10,1,0,0
1486273490728,783,wordpress,200,OK,User 1-8,text,true,,21001,381,10,10,2,0,0
1486273490756,973,wordpress,200,OK,User 1-1,text,true,,21002,381,10,10,2,0,1
1486273490993,872,wordpress,200,OK,User 1-4,text,true,,21002,381,10,10,4,0,3
1486273491058,919,wordpress,200,OK,User 1-2,text,true,,21002,381,10,10,3,0,2
1486273491296,801,wordpress,200,OK,User 1-5,text,true,,21002,381,10,10,1,0,1
1486273491730,381,wordpress,200,OK,User 1-1,text,true,,21001,381,10,10,0,0,0
1486273491332,797,wordpress,200,OK,User 1-6,text,true,,21002,381,10,10,1,0,1
1486273491273,856,wordpress,200,OK,User 1-7,text,true,,21002,381,10,10,3,0,2
1486273491335,814,wordpress,200,OK,User 1-9,text,true,,21002,381,10,10,2,0,1
1486273491866,310,wordpress,200,OK,User 1-4,text,true,,21001,381,10,10,1,0,0
1486273491386,843,wordpress,200,OK,User 1-3,text,true,,21002,381,10,10,3,0,2
1486273491512,733,wordpress,200,OK,User 1-8,text,true,,21002,381,10,10,3,0,2
1486273491512,749,wordpress,200,OK,User 1-10,text,true,,21002,381,10,10,3,0,2
1486273491978,489,wordpress,200,OK,User 1-2,text,true,,21001,381,10,10,1,0,0
1486273492098,650,wordpress,200,OK,User 1-5,text,true,,21001,381,10,10,1,0,0
1486273492112,680,wordpress,200,OK,User 1-1,text,true,,21001,381,10,10,9,0,0
1486273492130,710,wordpress,200,OK,User 1-7,text,true,,21001,381,10,10,0,0,0
1486273492130,729,wordpress,200,OK,User 1-6,text,true,,21001,381,10,10,3,0,0
1486273492150,751,wordpress,200,OK,User 1-9,text,true,,21001,381,10,10,1,0,0
1486273492261,722,wordpress,200,OK,User 1-10,text,true,,21001,381,10,10,1,0,0
1486273492177,809,wordpress,200,OK,User 1-4,text,true,,21001,381,10,10,3,0,0
1486273492230,806,wordpress,200,OK,User 1-3,text,true,,21001,381,10,10,1,0,0
1486273492245,802,wordpress,200,OK,User 1-8,text,true,,21001,381,10,10,1,0,0
1486273492468,654,wordpress,200,OK,User 1-2,text,true,,21001,381,10,10,5,0,0
1486273492749,709,wordpress,200,OK,User 1-5,text,true,,21001,381,10,10,8,0,0
1486273492841,702,wordpress,200,OK,User 1-7,text,true,,21001,381,10,10,15,0,0
1486273492860,691,wordpress,200,OK,User 1-6,text,true,,21001,381,10,10,17,0,0
1486273492901,734,wordpress,200,OK,User 1-9,text,true,,21001,381,10,10,7,0,0
1486273492793,870,wordpress,200,OK,User 1-1,text,true,,21002,381,10,10,2,0,1
1486273492984,681,wordpress,200,OK,User 1-10,text,true,,21001,381,10,10,7,0,0
1486273493048,679,wordpress,200,OK,User 1-8,text,true,,21001,381,10,10,1,0,0
1486273493037,696,wordpress,200,OK,User 1-3,text,true,,21001,381,10,10,1,0,0
1486273492987,964,wordpress,200,OK,User 1-4,text,true,,21002,381,10,10,9,0,0
1486273493123,872,wordpress,200,OK,User 1-2,text,true,,21002,381,10,10,3,0,1
1486273493665,667,wordpress,200,OK,User 1-1,text,true,,21001,381,10,10,3,0,0
1486273493460,927,wordpress,200,OK,User 1-5,text,true,,21002,381,10,10,2,0,1
1486273493952,436,wordpress,200,OK,User 1-4,text,true,,21001,381,10,10,1,0,0
1486273493551,892,wordpress,200,OK,User 1-6,text,true,,21002,381,10,10,3,0,2
1486273493544,935,wordpress,200,OK,User 1-7,text,true,,21002,381,10,10,2,0,1
1486273493666,829,wordpress,200,OK,User 1-10,text,true,,21002,381,10,10,3,0,2
1486273493728,770,wordpress,200,OK,User 1-8,text,true,,21002,381,10,10,2,0,1
1486273493635,891,wordpress,200,OK,User 1-9,text,true,,21002,381,10,10,2,0,2
1486273493733,797,wordpress,200,OK,User 1-3,text,true,,21002,381,10,10,2,0,1
1486273493996,585,wordpress,200,OK,User 1-2,text,true,,21001,381,10,10,1,0,0
1486273494332,483,wordpress,200,OK,User 1-1,text,true,,21001,381,10,10,3,0,0
1486273494388,457,wordpress,200,OK,User 1-5,text,true,,21001,381,10,10,1,0,0
1486273494388,720,wordpress,200,OK,User 1-4,text,true,,21001,381,10,10,1,0,0
1486273494443,677,wordpress,200,OK,User 1-6,text,true,,21001,381,10,10,1,0,0
1486273494479,713,wordpress,200,OK,User 1-7,text,true,,21001,381,10,10,1,0,0
1486273494499,702,wordpress,200,OK,User 1-8,text,true,,21001,381,10,10,3,0,0
1486273494496,713,wordpress,200,OK,User 1-10,text,true,,21001,381,10,10,0,0,0
1486273494531,729,wordpress,200,OK,User 1-3,text,true,,21001,381,10,10,4,0,0
1486273494527,755,wordpress,200,OK,User 1-9,text,true,,21001,381,10,10,1,0,0
1486273494582,787,wordpress,200,OK,User 1-2,text,true,,21001,381,10,10,5,0,0
1486273494846,637,wordpress,200,OK,User 1-5,text,true,,21001,381,10,10,5,0,0
1486273494817,799,wordpress,200,OK,User 1-1,text,true,,21002,381,10,10,2,0,1
1486273495122,737,wordpress,200,OK,User 1-6,text,true,,21001,381,10,10,11,0,0
1486273495211,685,wordpress,200,OK,User 1-10,text,true,,21001,381,10,10,4,0,0
1486273495193,718,wordpress,200,OK,User 1-7,text,true,,21001,381,10,10,4,0,0
1486273495203,740,wordpress,200,OK,User 1-8,text,true,,21001,381,10,10,24,0,0
1486273495283,704,wordpress,200,OK,User 1-9,text,true,,21001,381,10,10,6,0,0
1486273495262,750,wordpress,200,OK,User 1-3,text,true,,21001,381,10,10,17,0,0
1486273495110,928,wordpress,200,OK,User 1-4,text,true,,21002,381,10,10,3,0,2
1486273495617,621,wordpress,200,OK,User 1-1,text,true,,21001,381,10,10,2,0,0
1486273495371,971,wordpress,200,OK,User 1-2,text,true,,21002,381,10,10,3,0,2
1486273495483,971,wordpress,200,OK,User 1-5,text,true,,21002,381,10,10,2,0,1
1486273496039,576,wordpress,200,OK,User 1-4,text,true,,21001,381,10,10,1,0,0
1486273495860,826,wordpress,200,OK,User 1-6,text,true,,21002,381,10,10,3,0,2
1486273496239,511,wordpress,200,OK,User 1-1,text,true,,21001,381,10,10,11,0,0
1486273495988,777,wordpress,200,OK,User 1-9,text,true,,21002,381,10,10,4,0,2
1486273495911,878,wordpress,200,OK,User 1-7,text,true,,21002,381,10,10,2,0,2
1486273495896,913,wordpress,200,OK,User 1-10,text,true,,21002,381,10,10,2,0,1
1486273496013,844,wordpress,200,OK,User 1-3,text,true,,21002,381,10,10,3,0,1
1486273495943,934,wordpress,200,OK,User 1-8,text,true,,21002,381,10,10,3,0,2
1486273496454,441,wordpress,200,OK,User 1-5,text,true,,21001,381,10,10,1,0,0
1486273496342,619,wordpress,200,OK,User 1-2,text,true,,21001,381,10,10,1,0,0
1486273496616,592,wordpress,200,OK,User 1-4,text,true,,21001,381,10,10,2,0,0
1486273496686,636,wordpress,200,OK,User 1-6,text,true,,21001,381,10,10,1,0,0
1486273496751,713,wordpress,200,OK,User 1-1,text,true,,21001,381,10,10,1,0,0
1486273496766,726,wordpress,200,OK,User 1-9,text,true,,21001,381,10,10,1,0,0
1486273496810,698,wordpress,200,OK,User 1-10,text,true,,21001,381,10,10,1,0,0
1486273496790,743,wordpress,200,OK,User 1-7,text,true,,21001,381,10,10,1,0,0
1486273496858,732,wordpress,200,OK,User 1-3,text,true,,21001,381,10,10,3,0,0
1486273496878,731,wordpress,200,OK,User 1-8,text,true,,21001,381,10,10,1,0,0
1486273496895,752,wordpress,200,OK,User 1-5,text,true,,21001,381,10,10,1,0,0
1486273496962,712,wordpress,200,OK,User 1-2,text,true,,21001,381,10,10,3,0,0
1486273497323,716,wordpress,200,OK,User 1-6,text,true,,21001,381,10,10,2,0,0
1486273497209,831,wordpress,200,OK,User 1-4,text,true,,21002,381,10,10,2,0,1
1486273497590,614,wordpress,200,OK,User 1-3,text,true,,21001,381,10,10,2,0,0
1486273497493,713,wordpress,200,OK,User 1-9,text,true,,21001,381,10,10,2,0,0
1486273497508,697,wordpress,200,OK,User 1-10,text,true,,21001,381,10,10,13,0,0
1486273497534,773,wordpress,200,OK,User 1-7,text,true,,21001,381,10,10,10,0,0
1486273497610,751,wordpress,200,OK,User 1-8,text,true,,21001,381,10,10,11,0,0
1486273497648,730,wordpress,200,OK,User 1-5,text,true,,21002,381,10,10,3,0,1
1486273497466,914,wordpress,200,OK,User 1-1,text,true,,21002,381,10,10,3,0,1
1486273497675,905,wordpress,200,OK,User 1-2,text,true,,21002,381,10,10,4,0,3
1486273498041,693,wordpress,200,OK,User 1-4,text,true,,21001,381,10,10,1,0,0
1486273498040,899,wordpress,200,OK,User 1-6,text,true,,21002,381,10,10,3,0,2
1486273498378,594,wordpress,200,OK,User 1-5,text,true,,21001,381,10,10,14,0,0
1486273498380,615,wordpress,200,OK,User 1-1,text,true,,21001,381,10,10,1,0,0
1486273498208,875,wordpress,200,OK,User 1-10,text,true,,21002,381,10,10,3,0,1
1486273498204,891,wordpress,200,OK,User 1-3,text,true,,21002,381,10,10,3,0,2
1486273498207,892,wordpress,200,OK,User 1-9,text,true,,21002,381,10,10,2,0,1
1486273498308,823,wordpress,200,OK,User 1-7,text,true,,21002,381,10,10,3,0,2
1486273498581,567,wordpress,200,OK,User 1-2,text,true,,21001,381,10,10,1,0,0
1486273498362,805,wordpress,200,OK,User 1-8,text,true,,21002,381,10,10,2,0,1
1486273498735,546,wordpress,200,OK,User 1-4,text,true,,21001,381,10,10,9,0,0
1486273498940,561,wordpress,200,OK,User 1-6,text,true,,21001,381,10,10,1,0,0
1486273498973,691,wordpress,200,OK,User 1-5,text,true,,21001,381,10,10,0,0,0
1486273498995,686,wordpress,200,OK,User 1-1,text,true,,21001,381,10,10,5,0,0
1486273499084,705,wordpress,200,OK,User 1-10,text,true,,21001,381,10,10,1,0,0
1486273499100,703,wordpress,200,OK,User 1-9,text,true,,21001,381,10,10,1,0,0
1486273499132,680,wordpress,200,OK,User 1-7,text,true,,21001,381,10,10,1,0,0
1486273499096,748,wordpress,200,OK,User 1-3,text,true,,21001,381,10,10,1,0,0
1486273499148,700,wordpress,200,OK,User 1-2,text,true,,21001,381,10,10,1,0,0
1486273499168,751,wordpress,200,OK,User 1-8,text,true,,21001,381,10,10,1,0,0
1486273499282,936,wordpress,200,OK,User 1-4,text,true,,21002,381,10,10,2,0,1
1486273499502,738,wordpress,200,OK,User 1-6,text,true,,21001,381,10,10,6,0,0
1486273499844,597,wordpress,200,OK,User 1-3,text,true,,21001,381,10,10,7,0,0
1486273499812,678,wordpress,200,OK,User 1-7,text,true,,21001,381,10,10,10,0,0
1486273499789,754,wordpress,200,OK,User 1-10,text,true,,21001,381,10,10,6,0,0
1486273499919,642,wordpress,200,OK,User 1-8,text,true,,21001,381,10,10,11,0,0
1486273499802,761,wordpress,200,OK,User 1-9,text,true,,21001,381,10,10,5,0,0
1486273499664,941,wordpress,200,OK,User 1-5,text,true,,21002,381,10,10,3,0,2
1486273499681,932,wordpress,200,OK,User 1-1,text,true,,21002,381,10,10,3,0,2
1486273499847,834,wordpress,200,OK,User 1-2,text,true,,21002,381,10,10,2,0,1
1486273500218,644,wordpress,200,OK,User 1-4,text,true,,21001,381,10,10,1,0,0
1486273500240,776,wordpress,200,OK,User 1-6,text,true,,21002,381,10,10,2,0,1
1486273500606,656,wordpress,200,OK,User 1-5,text,true,,21001,381,10,10,0,0,0
1486273500681,581,wordpress,200,OK,User 1-2,text,true,,21001,381,10,10,1,0,0
1486273500613,652,wordpress,200,OK,User 1-1,text,true,,21001,381,10,10,1,0,0
1486273500442,826,wordpress,200,OK,User 1-3,text,true,,21002,381,10,10,3,0,2
1486273500491,865,wordpress,200,OK,User 1-7,text,true,,21002,381,10,10,2,0,1
1486273500544,848,wordpress,200,OK,User 1-10,text,true,,21002,381,10,10,2,0,2
1486273501017,395,wordpress,200,OK,User 1-6,text,true,,21001,381,10,10,1,0,0
1486273500561,855,wordpress,200,OK,User 1-8,text,true,,21002,381,10,10,3,0,1
1486273500564,892,wordpress,200,OK,User 1-9,text,true,,21002,381,10,10,3,0,1
1486273500863,618,wordpress,200,OK,User 1-4,text,true,,21001,381,10,10,6,0,0
1486273501262,624,wordpress,200,OK,User 1-5,text,true,,21001,381,10,10,3,0,0
1486273501265,679,wordpress,200,OK,User 1-1,text,true,,21001,381,10,10,6,0,0
1486273501263,698,wordpress,200,OK,User 1-2,text,true,,21001,381,10,10,1,0,0
1486273501269,732,wordpress,200,OK,User 1-3,text,true,,21001,381,10,10,2,0,0
1486273501416,654,wordpress,200,OK,User 1-8,text,true,,21001,381,10,10,2,0,0
1486273501357,767,wordpress,200,OK,User 1-7,text,true,,21001,381,10,10,1,0,0
1486273501393,753,wordpress,200,OK,User 1-10,text,true,,21001,381,10,10,0,0,0
1486273501457,753,wordpress,200,OK,User 1-9,text,true,,21001,381,10,10,1,0,0
1486273501412,821,wordpress,200,OK,User 1-6,text,true,,21001,381,10,10,28,0,0
1486273501482,853,wordpress,200,OK,User 1-4,text,true,,21002,381,10,10,2,0,1
1486273502072,587,wordpress,200,OK,User 1-8,text,true,,21001,381,10,10,1,0,0
1486273502001,724,wordpress,200,OK,User 1-3,text,true,,21001,381,10,10,2,0,0
1486273501962,781,wordpress,200,OK,User 1-2,text,true,,21002,381,10,10,3,0,2
1486273502211,594,wordpress,200,OK,User 1-9,text,true,,21001,381,10,10,4,0,0
1486273502233,575,wordpress,200,OK,User 1-6,text,true,,21001,381,10,10,1,0,0
1486273502125,745,wordpress,200,OK,User 1-7,text,true,,21001,381,10,10,3,0,0
1486273501887,991,wordpress,200,OK,User 1-5,text,true,,21002,381,10,10,3,0,2
1486273501945,953,wordpress,200,OK,User 1-1,text,true,,21002,381,10,10,2,0,1
1486273502150,763,wordpress,200,OK,User 1-10,text,true,,21001,381,10,10,1,0,0
1486273502336,719,wordpress,200,OK,User 1-4,text,true,,21001,381,10,10,0,0,0
1486273502743,597,wordpress,200,OK,User 1-2,text,true,,21001,381,10,10,1,0,0
1486273502660,778,wordpress,200,OK,User 1-8,text,true,,21002,381,10,10,3,0,2
1486273502879,627,wordpress,200,OK,User 1-5,text,true,,21001,381,10,10,1,0,0
1486273502899,616,wordpress,200,OK,User 1-1,text,true,,21001,381,10,10,1,0,0
1486273502809,809,wordpress,200,OK,User 1-6,text,true,,21002,381,10,10,2,0,1
1486273503056,593,wordpress,200,OK,User 1-4,text,true,,21001,381,10,10,12,0,0
1486273502725,937,wordpress,200,OK,User 1-3,text,true,,21002,381,10,10,2,0,1
1486273502806,904,wordpress,200,OK,User 1-9,text,true,,21002,381,10,10,2,0,1
1486273502914,888,wordpress,200,OK,User 1-10,text,true,,21002,381,10,10,3,0,1
1486273502871,934,wordpress,200,OK,User 1-7,text,true,,21002,381,10,10,2,0,1
1486273503341,551,wordpress,200,OK,User 1-2,text,true,,21001,381,10,10,1,0,0
1486273503439,559,wordpress,200,OK,User 1-8,text,true,,21001,381,10,10,1,0,0
1486273503506,584,wordpress,200,OK,User 1-5,text,true,,21001,381,10,10,3,0,0
1486273503515,578,wordpress,200,OK,User 1-1,text,true,,21001,381,10,10,4,0,0
1486273503618,656,wordpress,200,OK,User 1-6,text,true,,21001,381,10,10,1,0,0
1486273503650,821,wordpress,200,OK,User 1-4,text,true,,21002,381,10,10,3,0,2
1486273503662,831,wordpress,200,OK,User 1-3,text,true,,21001,381,10,10,1,0,0
1486273503893,647,wordpress,200,OK,User 1-2,text,true,,21001,381,10,10,5,0,0
1486273503711,839,wordpress,200,OK,User 1-9,text,true,,21001,381,10,10,1,0,0
1486273503807,781,wordpress,200,OK,User 1-7,text,true,,21001,381,10,10,2,0,0
1486273503803,829,wordpress,200,OK,User 1-10,text,true,,21001,381,10,10,1,0,0
1486273503998,725,wordpress,200,OK,User 1-8,text,true,,21001,381,10,10,4,0,0
1486273504275,735,wordpress,200,OK,User 1-6,text,true,,21001,381,10,10,2,0,0
1486273504093,944,wordpress,200,OK,User 1-1,text,true,,21002,381,10,10,3,0,1
1486273504090,947,wordpress,200,OK,User 1-5,text,true,,21002,381,10,10,3,0,2
1486273504472,716,wordpress,200,OK,User 1-4,text,true,,21001,381,10,10,5,0,0
1486273504494,710,wordpress,200,OK,User 1-3,text,true,,21001,381,10,10,1,0,0
1486273504551,669,wordpress,200,OK,User 1-9,text,true,,21001,381,10,10,2,0,0
1486273504589,831,wordpress,200,OK,User 1-7,text,true,,21001,381,10,10,4,0,0
1486273504633,801,wordpress,200,OK,User 1-10,text,true,,21001,381,10,10,11,0,0
1486273504541,911,wordpress,200,OK,User 1-2,text,true,,21002,381,10,10,2,0,1
1486273504724,781,wordpress,200,OK,User 1-8,text,true,,21002,381,10,10,4,0,2
1486273505037,693,wordpress,200,OK,User 1-1,text,true,,21001,381,10,10,1,0,0
1486273505189,542,wordpress,200,OK,User 1-4,text,true,,21001,381,10,10,3,0,0
1486273505011,801,wordpress,200,OK,User 1-6,text,true,,21002,381,10,10,2,0,1
1486273505037,792,wordpress,200,OK,User 1-5,text,true,,21001,381,10,10,1,0,0
1486273505220,716,wordpress,200,OK,User 1-9,text,true,,21002,381,10,10,2,0,1
1486273505453,683,wordpress,200,OK,User 1-2,text,true,,21001,381,10,10,1,0,0
1486273505506,644,wordpress,200,OK,User 1-8,text,true,,21001,381,10,10,1,0,0
1486273505205,946,wordpress,200,OK,User 1-3,text,true,,21002,381,10,10,2,0,1
1486273505421,906,wordpress,200,OK,User 1-7,text,true,,21002,381,10,10,2,0,1
1486273505435,900,wordpress,200,OK,User 1-10,text,true,,21002,381,10,10,2,0,1
1486273505813,563,wordpress,200,OK,User 1-6,text,true,,21001,381,10,10,1,0,0
1486273505731,654,wordpress,200,OK,User 1-1,text,true,,21001,381,10,10,1,0,0
1486273505829,665,wordpress,200,OK,User 1-5,text,true,,21001,381,10,10,1,0,0
1486273505936,664,wordpress,200,OK,User 1-9,text,true,,21001,381,10,10,1,0,0
1486273505732,903,wordpress,200,OK,User 1-4,text,true,,21002,381,10,10,3,0,2
1486273506136,701,wordpress,200,OK,User 1-2,text,true,,21001,381,10,10,8,0,0
1486273506152,708,wordpress,200,OK,User 1-3,text,true,,21001,381,10,10,0,0,0
1486273506151,739,wordpress,200,OK,User 1-8,text,true,,21001,381,10,10,13,0,0
1486273506327,683,wordpress,200,OK,User 1-7,text,true,,21001,381,10,10,1,0,0
1486273506335,679,wordpress,200,OK,User 1-10,text,true,,21001,381,10,10,1,0,0
1486273506377,730,wordpress,200,OK,User 1-6,text,true,,21001,381,10,10,1,0,0
1486273506386,884,wordpress,200,OK,User 1-1,text,true,,21002,381,10,10,2,0,1
1486273506636,689,wordpress,200,OK,User 1-4,text,true,,21001,381,10,10,1,0,0
1486273506601,725,wordpress,200,OK,User 1-9,text,true,,21001,381,10,10,1,0,0
1486273506495,895,wordpress,200,OK,User 1-5,text,true,,21002,381,10,10,2,0,1
1486273506861,631,wordpress,200,OK,User 1-3,text,true,,21001,381,10,10,12,0,0
1486273506890,820,wordpress,200,OK,User 1-8,text,true,,21002,381,10,10,3,0,2
1486273507011,706,wordpress,200,OK,User 1-7,text,true,,21001,381,10,10,12,0,0
1486273507015,722,wordpress,200,OK,User 1-10,text,true,,21001,381,10,10,4,0,0
1486273506838,960,wordpress,200,OK,User 1-2,text,true,,21002,381,10,10,3,0,2
1486273507326,579,wordpress,200,OK,User 1-4,text,true,,21001,381,10,10,22,0,0
1486273507271,677,wordpress,200,OK,User 1-1,text,true,,21001,381,10,10,1,0,0
1486273507391,621,wordpress,200,OK,User 1-5,text,true,,21001,381,10,10,1,0,0
1486273507107,910,wordpress,200,OK,User 1-6,text,true,,21002,381,10,10,2,0,2
1486273507327,815,wordpress,200,OK,User 1-9,text,true,,21002,381,10,10,2,0,1
1486273507493,804,wordpress,200,OK,User 1-3,text,true,,21002,381,10,10,3,0,2
1486273507711,646,wordpress,200,OK,User 1-8,text,true,,21001,381,10,10,1,0,0
1486273507799,665,wordpress,200,OK,User 1-2,text,true,,21001,381,10,10,1,0,0
1486273507718,859,wordpress,200,OK,User 1-7,text,true,,21002,381,10,10,2,0,2
1486273507949,630,wordpress,200,OK,User 1-1,text,true,,21001,381,10,10,5,0,0
1486273507738,843,wordpress,200,OK,User 1-10,text,true,,21002,381,10,10,2,0,1
1486273508013,661,wordpress,200,OK,User 1-5,text,true,,21001,381,10,10,1,0,0
1486273508018,672,wordpress,200,OK,User 1-6,text,true,,21001,381,10,10,2,0,0
1486273507906,843,wordpress,200,OK,User 1-4,text,true,,21002,381,10,10,2,0,1
1486273508142,646,wordpress,200,OK,User 1-9,text,true,,21001,381,10,10,1,0,0
1486273508298,612,wordpress,200,OK,User 1-3,text,true,,21001,381,10,10,0,0,0
1486273508357,662,wordpress,200,OK,User 1-8,text,true,,21001,381,10,10,2,0,0
1486273508465,697,wordpress,200,OK,User 1-2,text,true,,21001,381,10,10,1,0,0
1486273508578,738,wordpress,200,OK,User 1-7,text,true,,21001,381,10,10,4,0,0
1486273508582,742,wordpress,200,OK,User 1-10,text,true,,21001,381,10,10,1,0,0
1486273508691,747,wordpress,200,OK,User 1-6,text,true,,21001,381,10,10,10,0,0
1486273508750,702,wordpress,200,OK,User 1-4,text,true,,21001,381,10,10,1,0,0
1486273508788,698,wordpress,200,OK,User 1-9,text,true,,21001,381,10,10,2,0,0
1486273508580,924,wordpress,200,OK,User 1-1,text,true,,21002,381,10,10,3,0,1
1486273508911,666,wordpress,200,OK,User 1-3,text,true,,21001,381,10,10,7,0,0
1486273508675,921,wordpress,200,OK,User 1-5,text,true,,21002,381,10,10,2,0,1
1486273509020,920,wordpress,200,OK,User 1-8,text,true,,21002,381,10,10,3,0,2
1486273509317,639,wordpress,200,OK,User 1-7,text,true,,21001,381,10,10,4,0,0
1486273509324,634,wordpress,200,OK,User 1-10,text,true,,21001,381,10,10,4,0,0
1486273509164,852,wordpress,200,OK,User 1-2,text,true,,21002,381,10,10,4,0,3
1486273509452,692,wordpress,200,OK,User 1-4,text,true,,21001,381,10,10,8,0,0
1486273509505,703,wordpress,200,OK,User 1-1,text,true,,21001,381,10,10,0,0,0
1486273509597,676,wordpress,200,OK,User 1-5,text,true,,21001,381,10,10,1,0,0
1486273509486,829,wordpress,200,OK,User 1-9,text,true,,21002,381,10,10,2,0,1
1486273509439,904,wordpress,200,OK,User 1-6,text,true,,21002,381,10,10,2,0,1
1486273509578,785,wordpress,200,OK,User 1-3,text,true,,21002,381,10,10,2,0,1
1486273510017,559,wordpress,200,OK,User 1-2,text,true,,21001,381,10,10,1,0,0
1486273509942,673,wordpress,200,OK,User 1-8,text,true,,21001,381,10,10,1,0,0
1486273509958,742,wordpress,200,OK,User 1-7,text,true,,21002,381,10,10,3,0,2
1486273509959,905,wordpress,200,OK,User 1-10,text,true,,21002,381,10,10,3,0,2
1486273510209,688,wordpress,200,OK,User 1-1,text,true,,21001,381,10,10,6,0,0
1486273510274,637,wordpress,200,OK,User 1-5,text,true,,21001,381,10,10,6,0,0
1486273510146,790,wordpress,200,OK,User 1-4,text,true,,21002,381,10,10,2,0,1
1486273510317,650,wordpress,200,OK,User 1-9,text,true,,21001,381,10,10,1,0,0
1486273510365,631,wordpress,200,OK,User 1-3,text,true,,21001,381,10,10,1,0,0
1486273510345,661,wordpress,200,OK,User 1-6,text,true,,21001,381,10,10,2,0,0
1486273510577,602,wordpress,200,OK,User 1-2,text,true,,21001,381,10,10,9,0,0
1486273510616,743,wordpress,200,OK,User 1-8,text,true,,21001,381,10,10,4,0,0
1486273510701,801,wordpress,200,OK,User 1-7,text,true,,21001,381,10,10,0,0,0
1486273510865,744,wordpress,200,OK,User 1-10,text,true,,21001,381,10,10,1,0,0
1486273510968,655,wordpress,200,OK,User 1-9,text,true,,21001,381,10,10,2,0,0
1486273511006,668,wordpress,200,OK,User 1-6,text,true,,21001,381,10,10,14,0,0
1486273510936,780,wordpress,200,OK,User 1-4,text,true,,21001,381,10,10,1,0,0
1486273510898,865,wordpress,200,OK,User 1-1,text,true,,21002,381,10,10,1,0,1
1486273510997,783,wordpress,200,OK,User 1-3,text,true,,21001,381,10,10,1,0,0
1486273510912,951,wordpress,200,OK,User 1-5,text,true,,21002,381,10,10,2,0,1
1486273511180,759,wordpress,200,OK,User 1-2,text,true,,21002,381,10,10,3,0,2
1486273511502,620,wordpress,200,OK,User 1-7,text,true,,21001,381,10,10,5,0,0
1486273511360,831,wordpress,200,OK,User 1-8,text,true,,21002,381,10,10,3,0,2
1486273511609,686,wordpress,200,OK,User 1-10,text,true,,21001,381,10,10,7,0,0
1486273511764,608,wordpress,200,OK,User 1-1,text,true,,21001,381,10,10,1,0,0
1486273511675,747,wordpress,200,OK,User 1-6,text,true,,21002,381,10,10,2,0,1
1486273511717,762,wordpress,200,OK,User 1-4,text,true,,21001,381,10,10,14,0,0
1486273511624,878,wordpress,200,OK,User 1-9,text,true,,21002,381,10,10,1,0,1
1486273511864,681,wordpress,200,OK,User 1-5,text,true,,21001,381,10,10,1,0,0
1486273511939,620,wordpress,200,OK,User 1-2,text,true,,21001,381,10,10,1,0,0
1486273511781,901,wordpress,200,OK,User 1-3,text,true,,21002,381,10,10,2,0,1
1486273512191,639,wordpress,200,OK,User 1-8,text,true,,21001,381,10,10,1,0,0
1486273512123,887,wordpress,200,OK,User 1-7,text,true,,21002,381,10,10,3,0,2
1486273512373,640,wordpress,200,OK,User 1-1,text,true,,21001,381,10,10,2,0,0
1486273512423,666,wordpress,200,OK,User 1-6,text,true,,21001,381,10,10,1,0,0
1486273512296,830,wordpress,200,OK,User 1-10,text,true,,21002,381,10,10,5,0,3
1486273512546,671,wordpress,200,OK,User 1-5,text,true,,21001,381,10,10,16,0,0
1486273512503,718,wordpress,200,OK,User 1-9,text,true,,21001,381,10,10,1,0,0
1486273512683,579,wordpress,200,OK,User 1-3,text,true,,21001,381,10,10,1,0,0
1486273512560,750,wordpress,200,OK,User 1-2,text,true,,21001,381,10,10,1,0,0
1486273512831,565,wordpress,200,OK,User 1-8,text,true,,21001,381,10,10,2,0,0
1486273512480,917,wordpress,200,OK,User 1-4,text,true,,21002,381,10,10,3,0,2
1486273513090,579,wordpress,200,OK,User 1-6,text,true,,21001,381,10,10,4,0,0
1486273513010,790,wordpress,200,OK,User 1-7,text,true,,21001,381,10,10,1,0,0
1486273513126,755,wordpress,200,OK,User 1-10,text,true,,21001,381,10,10,1,0,0
1486273513262,701,wordpress,200,OK,User 1-3,text,true,,21001,381,10,10,12,0,0
1486273513013,968,wordpress,200,OK,User 1-1,text,true,,21002,381,10,10,4,0,3
1486273513221,765,wordpress,200,OK,User 1-9,text,true,,21001,381,10,10,12,0,0
1486273513398,591,wordpress,200,OK,User 1-4,text,true,,21001,381,10,10,1,0,0
1486273513217,784,wordpress,200,OK,User 1-5,text,true,,21002,381,10,10,2,0,1
1486273513311,854,wordpress,200,OK,User 1-2,text,true,,21002,381,10,10,2,0,1
1486273513397,851,wordpress,200,OK,User 1-8,text,true,,21002,381,10,10,2,0,1
1486273513801,629,wordpress,200,OK,User 1-7,text,true,,21001,381,10,10,1,0,0
1486273513882,577,wordpress,200,OK,User 1-10,text,true,,21001,381,10,10,7,0,0
1486273513670,854,wordpress,200,OK,User 1-6,text,true,,21002,381,10,10,9,0,0
1486273513982,713,wordpress,200,OK,User 1-1,text,true,,21001,381,10,10,2,0,0
1486273514001,697,wordpress,200,OK,User 1-5,text,true,,21001,381,10,10,1,0,0
1486273513990,709,wordpress,200,OK,User 1-4,text,true,,21001,381,10,10,11,0,0
1486273514165,625,wordpress,200,OK,User 1-2,text,true,,21001,381,10,10,1,0,0
1486273513963,897,wordpress,200,OK,User 1-3,text,true,,21002,381,10,10,2,0,1
1486273514249,657,wordpress,200,OK,User 1-8,text,true,,21001,381,10,10,1,0,0
1486273513987,941,wordpress,200,OK,User 1-9,text,true,,21002,381,10,10,2,0,1
1486273514525,705,wordpress,200,OK,User 1-6,text,true,,21001,381,10,10,1,0,0
1486273514697,601,wordpress,200,OK,User 1-5,text,true,,21001,381,10,10,2,0,0
1486273514460,843,wordpress,200,OK,User 1-10,text,true,,21002,381,10,10,3,0,2
1486273514431,896,wordpress,200,OK,User 1-7,text,true,,21002,381,10,10,2,0,1
1486273514694,654,wordpress,200,OK,User 1-1,text,true,,21001,381,10,10,5,0,0
1486273514790,638,wordpress,200,OK,User 1-2,text,true,,21001,381,10,10,6,0,0
1486273514698,856,wordpress,200,OK,User 1-4,text,true,,21002,381,10,10,3,0,2
1486273514860,706,wordpress,200,OK,User 1-3,text,true,,21001,381,10,10,0,0,0
1486273514928,707,wordpress,200,OK,User 1-9,text,true,,21001,381,10,10,1,0,0
1486273514906,748,wordpress,200,OK,User 1-8,text,true,,21001,381,10,10,5,0,0
1486273515230,523,wordpress,200,OK,User 1-6,text,true,,21001,381,10,10,3,0,0
1486273515327,714,wordpress,200,OK,User 1-7,text,true,,21001,381,10,10,1,0,0
1486273515303,752,wordpress,200,OK,User 1-10,text,true,,21001,381,10,10,2,0,0
1486273515567,636,wordpress,200,OK,User 1-3,text,true,,21001,381,10,10,3,0,0
1486273515636,581,wordpress,200,OK,User 1-9,text,true,,21001,381,10,10,2,0,0
1486273515555,702,wordpress,200,OK,User 1-4,text,true,,21001,381,10,10,1,0,0
1486273515428,833,wordpress,200,OK,User 1-2,text,true,,21002,381,10,10,3,0,2
1486273515298,988,wordpress,200,OK,User 1-5,text,true,,21002,381,10,10,4,0,2
1486273515349,948,wordpress,200,OK,User 1-1,text,true,,21002,381,10,10,2,0,1
1486273515754,727,wordpress,200,OK,User 1-6,text,true,,21002,381,10,10,3,0,2
1486273516056,452,wordpress,200,OK,User 1-10,text,true,,21001,381,10,10,2,0,0
1486273515654,943,wordpress,200,OK,User 1-8,text,true,,21002,381,10,10,3,0,2
1486273516041,704,wordpress,200,OK,User 1-7,text,true,,21001,381,10,10,15,0,0
1486273516262,642,wordpress,200,OK,User 1-2,text,true,,21001,381,10,10,1,0,0
1486273516298,662,wordpress,200,OK,User 1-1,text,true,,21001,381,10,10,1,0,0
1486273516286,733,wordpress,200,OK,User 1-5,text,true,,21001,381,10,10,1,0,0
1486273516257,768,wordpress,200,OK,User 1-4,text,true,,21001,381,10,10,29,0,0
1486273516204,889,wordpress,200,OK,User 1-3,text,true,,21002,381,10,10,2,0,1
1486273516217,884,wordpress,200,OK,User 1-9,text,true,,21002,381,10,10,3,0,2
1486273516482,678,wordpress,200,OK,User 1-6,text,true,,21001,381,10,10,8,0,0
1486273516598,656,wordpress,200,OK,User 1-8,text,true,,21001,381,10,10,1,0,0
1486273516509,835,wordpress,200,OK,User 1-10,text,true,,21002,381,10,10,2,0,1
1486273516746,674,wordpress,200,OK,User 1-7,text,true,,21002,381,10,10,2,0,1
1486273516905,720,wordpress,200,OK,User 1-2,text,true,,21001,381,10,10,8,0,0
1486273517020,641,wordpress,200,OK,User 1-5,text,true,,21001,381,10,10,9,0,0
1486273516961,742,wordpress,200,OK,User 1-1,text,true,,21001,381,10,10,6,0,0
1486273517101,705,wordpress,200,OK,User 1-9,text,true,,21001,381,10,10,1,0,0
1486273517093,714,wordpress,200,OK,User 1-3,text,true,,21001,381,10,10,1,0,0
1486273517161,685,wordpress,200,OK,User 1-6,text,true,,21001,381,10,10,7,0,0
1486273517026,922,wordpress,200,OK,User 1-4,text,true,,21002,381,10,10,3,0,2
1486273517254,720,wordpress,200,OK,User 1-8,text,true,,21001,381,10,10,4,0,0
1486273517345,722,wordpress,200,OK,User 1-10,text,true,,21001,381,10,10,1,0,0
1486273517421,700,wordpress,200,OK,User 1-7,text,true,,21001,381,10,10,12,0,0
1486273517807,663,wordpress,200,OK,User 1-9,text,true,,21001,381,10,10,1,0,0
1486273517808,678,wordpress,200,OK,User 1-3,text,true,,21001,381,10,10,8,0,0
1486273517626,917,wordpress,200,OK,User 1-2,text,true,,21002,381,10,10,3,0,2
1486273518121,432,wordpress,200,OK,User 1-7,text,true,,21001,381,10,10,2,0,0
1486273517661,898,wordpress,200,OK,User 1-5,text,true,,21002,381,10,10,2,0,1
1486273517704,895,wordpress,200,OK,User 1-1,text,true,,21002,381,10,10,2,0,2
1486273517949,702,wordpress,200,OK,User 1-4,text,true,,21001,381,10,10,1,0,0
1486273517847,836,wordpress,200,OK,User 1-6,text,true,,21002,381,10,10,3,0,1
1486273518068,667,wordpress,200,OK,User 1-10,text,true,,21001,381,10,10,8,0,0
1486273517974,905,wordpress,200,OK,User 1-8,text,true,,21002,381,10,10,3,0,2
1486273518600,585,wordpress,200,OK,User 1-1,text,true,,21001,381,10,10,1,0,0
1486273518544,701,wordpress,200,OK,User 1-2,text,true,,21001,381,10,10,1,0,0
1486273518553,695,wordpress,200,OK,User 1-7,text,true,,21001,381,10,10,2,0,0
1486273518560,692,wordpress,200,OK,User 1-5,text,true,,21001,381,10,10,0,0,0
1486273518684,620,wordpress,200,OK,User 1-6,text,true,,21001,381,10,10,14,0,0
1486273518487,880,wordpress,200,OK,User 1-3,text,true,,21002,381,10,10,2,0,1
1486273518471,899,wordpress,200,OK,User 1-9,text,true,,21002,381,10,10,3,0,1
1486273518651,739,wordpress,200,OK,User 1-4,text,true,,21001,381,10,10,12,0,0
1486273518736,815,wordpress,200,OK,User 1-10,text,true,,21002,381,10,10,2,0,1
1486273518880,681,wordpress,200,OK,User 1-8,text,true,,21001,381,10,10,0,0,0
1486273519186,604,wordpress,200,OK,User 1-1,text,true,,21001,381,10,10,9,0,0
1486273519245,688,wordpress,200,OK,User 1-2,text,true,,21001,381,10,10,2,0,0
1486273519252,726,wordpress,200,OK,User 1-5,text,true,,21001,381,10,10,4,0,0
1486273519305,696,wordpress,200,OK,User 1-6,text,true,,21001,381,10,10,8,0,0
1486273519371,689,wordpress,200,OK,User 1-9,text,true,,21001,381,10,10,1,0,0
1486273519368,701,wordpress,200,OK,User 1-3,text,true,,21001,381,10,10,2,0,0
1486273519249,849,wordpress,200,OK,User 1-7,text,true,,21002,381,10,10,2,0,1
1486273519552,682,wordpress,200,OK,User 1-10,text,true,,21001,381,10,10,1,0,0
1486273519562,676,wordpress,200,OK,User 1-8,text,true,,21001,381,10,10,11,0,0
1486273519391,947,wordpress,200,OK,User 1-4,text,true,,21002,381,10,10,1,0,1
1486273519791,867,wordpress,200,OK,User 1-1,text,true,,21002,381,10,10,3,0,2
1486273520098,609,wordpress,200,OK,User 1-7,text,true,,21001,381,10,10,1,0,0
1486273520070,663,wordpress,200,OK,User 1-3,text,true,,21001,381,10,10,1,0,0
1486273520061,678,wordpress,200,OK,User 1-9,text,true,,21001,381,10,10,2,0,0
1486273520002,839,wordpress,200,OK,User 1-6,text,true,,21002,381,10,10,3,0,2
1486273520235,625,wordpress,200,OK,User 1-10,text,true,,21001,381,10,10,2,0,0
1486273519934,927,wordpress,200,OK,User 1-2,text,true,,21002,381,10,10,3,0,2
1486273519978,911,wordpress,200,OK,User 1-5,text,true,,21002,381,10,10,2,0,1
1486273520338,603,wordpress,200,OK,User 1-4,text,true,,21001,381,10,10,2,0,0
1486273520239,830,wordpress,200,OK,User 1-8,text,true,,21002,381,10,10,2,0,1
1486273520659,597,wordpress,200,OK,User 1-1,text,true,,21001,381,10,10,1,0,0
1486273520708,618,wordpress,200,OK,User 1-7,text,true,,21001,381,10,10,1,0,0
1486273520890,641,wordpress,200,OK,User 1-5,text,true,,21001,381,10,10,2,0,0
1486273520842,717,wordpress,200,OK,User 1-6,text,true,,21001,381,10,10,1,0,0
1486273520862,710,wordpress,200,OK,User 1-2,text,true,,21001,381,10,10,1,0,0
1486273520739,874,wordpress,200,OK,User 1-9,text,true,,21002,381,10,10,3,0,2
1486273520733,891,wordpress,200,OK,User 1-3,text,true,,21002,381,10,10,2,0,1
1486273520941,690,wordpress,200,OK,User 1-4,text,true,,21001,381,10,10,6,0,0
1486273521070,667,wordpress,200,OK,User 1-8,text,true,,21001,381,10,10,1,0,0
1486273520861,899,wordpress,200,OK,User 1-10,text,true,,21002,381,10,10,2,0,1
1486273521257,679,wordpress,200,OK,User 1-1,text,true,,21001,381,10,10,12,0,0
1486273521327,845,wordpress,200,OK,User 1-7,text,true,,21002,381,10,10,2,0,1
1486273521573,617,wordpress,200,OK,User 1-2,text,true,,21001,381,10,10,4,0,0
1486273521531,735,wordpress,200,OK,User 1-5,text,true,,21001,381,10,10,6,0,0
1486273521613,663,wordpress,200,OK,User 1-9,text,true,,21001,381,10,10,1,0,0
1486273521560,750,wordpress,200,OK,User 1-6,text,true,,21001,381,10,10,4,0,0
1486273521738,610,wordpress,200,OK,User 1-8,text,true,,21001,381,10,10,1,0,0
1486273521625,767,wordpress,200,OK,User 1-3,text,true,,21001,381,10,10,1,0,0
1486273521632,848,wordpress,200,OK,User 1-4,text,true,,21002,381,10,10,2,0,1
1486273521761,721,wordpress,200,OK,User 1-10,text,true,,21001,381,10,10,1,0,0
1486273521937,902,wordpress,200,OK,User 1-1,text,true,,21002,381,10,10,3,0,2
1486273522173,688,wordpress,200,OK,User 1-7,text,true,,21001,381,10,10,1,0,0
1486273522393,554,wordpress,200,OK,User 1-3,text,true,,21001,381,10,10,1,0,0
1486273522276,717,wordpress,200,OK,User 1-9,text,true,,21001,381,10,10,2,0,0
1486273522191,804,wordpress,200,OK,User 1-2,text,true,,21002,381,10,10,2,0,1
1486273522483,600,wordpress,200,OK,User 1-10,text,true,,21001,381,10,10,13,0,0
1486273522480,680,wordpress,200,OK,User 1-4,text,true,,21001,381,10,10,3,0,0
1486273522266,913,wordpress,200,OK,User 1-5,text,true,,21002,381,10,10,3,0,2
1486273522349,886,wordpress,200,OK,User 1-8,text,true,,21002,381,10,10,1,0,1
1486273522310,961,wordpress,200,OK,User 1-6,text,true,,21002,381,10,10,2,0,1
1486273522840,612,wordpress,200,OK,User 1-1,text,true,,21001,381,10,10,1,0,0
1486273522862,640,wordpress,200,OK,User 1-7,text,true,,21001,381,10,10,13,0,0
1486273522995,667,wordpress,200,OK,User 1-2,text,true,,21001,381,10,10,1,0,0
1486273523161,601,wordpress,200,OK,User 1-4,text,true,,21001,381,10,10,1,0,0
1486273522948,842,wordpress,200,OK,User 1-3,text,true,,21002,381,10,10,2,0,1
1486273523180,685,wordpress,200,OK,User 1-5,text,true,,21001,381,10,10,1,0,0
1486273522994,904,wordpress,200,OK,User 1-9,text,true,,21002,381,10,10,2,0,1
1486273523084,842,wordpress,200,OK,User 1-10,text,true,,21002,381,10,10,2,0,1
1486273523236,732,wordpress,200,OK,User 1-8,text,true,,21001,381,10,10,1,0,0
1486273523453,545,wordpress,200,OK,User 1-1,text,true,,21001,381,10,10,1,0,0
1486273523272,781,wordpress,200,OK,User 1-6,text,true,,21001,381,10,10,1,0,0
1486273523663,666,wordpress,200,OK,User 1-2,text,true,,21001,381,10,10,19,0,0
1486273523503,887,wordpress,200,OK,User 1-7,text,true,,21002,381,10,10,2,0,1
1486273523791,706,wordpress,200,OK,User 1-3,text,true,,21001,381,10,10,1,0,0
1486273523866,674,wordpress,200,OK,User 1-5,text,true,,21001,381,10,10,20,0,0
1486273523762,828,wordpress,200,OK,User 1-4,text,true,,21002,381,10,10,3,0,2
1486273523969,640,wordpress,200,OK,User 1-8,text,true,,21001,381,10,10,1,0,0
1486273523927,709,wordpress,200,OK,User 1-10,text,true,,21001,381,10,10,1,0,0
1486273523899,743,wordpress,200,OK,User 1-9,text,true,,21001,381,10,10,0,0,0
1486273524054,778,wordpress,200,OK,User 1-6,text,true,,21001,381,10,10,1,0,0
1486273523999,846,wordpress,200,OK,User 1-1,text,true,,21002,381,10,10,3,0,2
1486273524390,606,wordpress,200,OK,User 1-7,text,true,,21001,381,10,10,2,0,0
1486273524498,624,wordpress,200,OK,User 1-3,text,true,,21001,381,10,10,12,0,0
1486273524590,671,wordpress,200,OK,User 1-4,text,true,,21001,381,10,10,1,0,0
1486273524329,960,wordpress,200,OK,User 1-2,text,true,,21002,381,10,10,3,0,2
1486273524636,712,wordpress,200,OK,User 1-10,text,true,,21001,381,10,10,2,0,0
1486273524642,743,wordpress,200,OK,User 1-9,text,true,,21001,381,10,10,8,0,0
1486273524846,571,wordpress,200,OK,User 1-1,text,true,,21001,381,10,10,1,0,0
1486273524541,904,wordpress,200,OK,User 1-5,text,true,,21002,381,10,10,1,0,1
1486273524609,868,wordpress,200,OK,User 1-8,text,true,,21002,381,10,10,2,0,1
1486273524997,706,wordpress,200,OK,User 1-7,text,true,,21001,381,10,10,9,0,0
1486273524833,923,wordpress,200,OK,User 1-6,text,true,,21002,381,10,10,3,0,2
1486273525262,693,wordpress,200,OK,User 1-4,text,true,,21001,381,10,10,19,0,0
1486273525290,684,wordpress,200,OK,User 1-2,text,true,,21001,381,10,10,1,0,0
1486273525122,882,wordpress,200,OK,User 1-3,text,true,,21002,381,10,10,2,0,2
1486273525477,561,wordpress,200,OK,User 1-8,text,true,,21001,381,10,10,1,0,0
1486273525417,671,wordpress,200,OK,User 1-1,text,true,,21001,381,10,10,4,0,0
1486273525349,775,wordpress,200,OK,User 1-10,text,true,,21002,381,10,10,2,0,1
1486273525446,698,wordpress,200,OK,User 1-5,text,true,,21001,381,10,10,1,0,0
1486273525386,878,wordpress,200,OK,User 1-9,text,true,,21002,381,10,10,2,0,1
1486273525757,660,wordpress,200,OK,User 1-6,text,true,,21001,381,10,10,1,0,0
1486273525705,746,wordpress,200,OK,User 1-7,text,true,,21002,381,10,10,5,0,2
1486273525974,649,wordpress,200,OK,User 1-2,text,true,,21001,381,10,10,2,0,0
1486273526145,581,wordpress,200,OK,User 1-5,text,true,,21001,381,10,10,1,0,0
1486273526005,743,wordpress,200,OK,User 1-3,text,true,,21001,381,10,10,1,0,0
1486273525956,848,wordpress,200,OK,User 1-4,text,true,,21002,381,10,10,2,0,1
1486273526039,782,wordpress,200,OK,User 1-8,text,true,,21001,381,10,10,5,0,0
1486273526265,565,wordpress,200,OK,User 1-9,text,true,,21001,381,10,10,1,0,0
1486273526125,739,wordpress,200,OK,User 1-10,text,true,,21001,381,10,10,0,0,0
1486273526089,874,wordpress,200,OK,User 1-1,text,true,,21002,381,10,10,2,0,1
1486273526418,704,wordpress,200,OK,User 1-6,text,true,,21001,381,10,10,2,0,0
1486273526452,741,wordpress,200,OK,User 1-7,text,true,,21001,381,10,10,12,0,0
1486273526748,679,wordpress,200,OK,User 1-3,text,true,,21001,381,10,10,20,0,0
1486273526804,647,wordpress,200,OK,User 1-4,text,true,,21001,381,10,10,1,0,0
1486273526624,859,wordpress,200,OK,User 1-2,text,true,,21002,381,10,10,3,0,2
1486273526831,744,wordpress,200,OK,User 1-9,text,true,,21001,381,10,10,12,0,0
1486273526727,859,wordpress,200,OK,User 1-5,text,true,,21002,381,10,10,2,0,1
1486273526865,735,wordpress,200,OK,User 1-10,text,true,,21001,381,10,10,2,0,0
1486273526822,829,wordpress,200,OK,User 1-8,text,true,,21002,381,10,10,2,0,1
1486273526964,784,wordpress,200,OK,User 1-1,text,true,,21001,381,10,10,1,0,0
1486273527194,572,wordpress,200,OK,User 1-7,text,true,,21001,381,10,10,1,0,0
1486273527452,514,wordpress,200,OK,User 1-4,text,true,,21001,381,10,10,1,0,0
1486273527122,984,wordpress,200,OK,User 1-6,text,true,,21002,381,10,10,2,0,2
1486273527484,711,wordpress,200,OK,User 1-2,text,true,,21001,381,10,10,0,0,0
1486273527587,693,wordpress,200,OK,User 1-5,text,true,,21001,381,10,10,1,0,0
1486273527651,682,wordpress,200,OK,User 1-8,text,true,,21001,381,10,10,1,0,0
1486273527427,911,wordpress,200,OK,User 1-3,text,true,,21002,381,10,10,3,0,1
1486273527749,692,wordpress,200,OK,User 1-1,text,true,,21001,381,10,10,3,0,0
1486273527575,891,wordpress,200,OK,User 1-9,text,true,,21002,381,10,10,3,0,2
1486273527601,873,wordpress,200,OK,User 1-10,text,true,,21002,381,10,10,2,0,1
1486273527767,867,wordpress,200,OK,User 1-7,text,true,,21002,381,10,10,2,0,1
1486273528107,590,wordpress,200,OK,User 1-6,text,true,,21001,381,10,10,2,0,0
1486273527967,802,wordpress,200,OK,User 1-4,text,true,,21002,381,10,10,3,0,1
1486273528195,634,wordpress,200,OK,User 1-2,text,true,,21001,381,10,10,3,0,0
1486273528338,657,wordpress,200,OK,User 1-3,text,true,,21001,381,10,10,1,0,0
1486273528334,663,wordpress,200,OK,User 1-8,text,true,,21001,381,10,10,3,0,0
1486273528281,719,wordpress,200,OK,User 1-5,text,true,,21001,381,10,10,4,0,0
1486273528474,658,wordpress,200,OK,User 1-10,text,true,,21001,381,10,10,1,0,0
1486273528442,732,wordpress,200,OK,User 1-1,text,true,,21002,381,10,10,3,0,2
1486273528467,724,wordpress,200,OK,User 1-9,text,true,,21001,381,10,10,1,0,0
1486273528635,745,wordpress,200,OK,User 1-7,text,true,,21001,381,10,10,1,0,0
1486273528697,714,wordpress,200,OK,User 1-6,text,true,,21001,381,10,10,5,0,0
1486273528770,702,wordpress,200,OK,User 1-4,text,true,,21001,381,10,10,1,0,0
1486273528830,748,wordpress,200,OK,User 1-2,text,true,,21002,381,10,10,3,0,2
1486273528996,768,wordpress,200,OK,User 1-3,text,true,,21001,381,10,10,3,0,0
1486273529191,641,wordpress,200,OK,User 1-9,text,true,,21001,381,10,10,9,0,0
1486273529001,891,wordpress,200,OK,User 1-5,text,true,,21002,381,10,10,3,0,2
1486273529174,746,wordpress,200,OK,User 1-1,text,true,,21001,381,10,10,3,0,0
1486273529133,790,wordpress,200,OK,User 1-10,text,true,,21001,381,10,10,7,0,0
1486273528998,978,wordpress,200,OK,User 1-8,text,true,,21002,381,10,10,4,0,2
1486273529381,611,wordpress,200,OK,User 1-7,text,true,,21001,381,10,10,4,0,0
1486273529473,727,wordpress,200,OK,User 1-4,text,true,,21001,381,10,10,4,0,0
1486273529412,828,wordpress,200,OK,User 1-6,text,true,,21002,381,10,10,3,0,2
1486273529579,719,wordpress,200,OK,User 1-2,text,true,,21001,381,10,10,2,0,0
1486273529894,668,wordpress,200,OK,User 1-5,text,true,,21001,381,10,10,1,0,0
1486273529766,827,wordpress,200,OK,User 1-3,text,true,,21002,381,10,10,3,0,2
1486273529922,685,wordpress,200,OK,User 1-1,text,true,,21001,381,10,10,5,0,0
1486273529978,654,wordpress,200,OK,User 1-8,text,true,,21001,381,10,10,0,0,0
1486273529834,831,wordpress,200,OK,User 1-9,text,true,,21002,381,10,10,3,0,2
1486273529925,859,wordpress,200,OK,User 1-10,text,true,,21002,381,10,10,2,0,1
1486273530300,554,wordpress,200,OK,User 1-2,text,true,,21001,381,10,10,5,0,0
1486273530242,626,wordpress,200,OK,User 1-6,text,true,,21001,381,10,10,1,0,0
1486273529994,898,wordpress,200,OK,User 1-7,text,true,,21002,381,10,10,2,0,1
1486273530202,846,wordpress,200,OK,User 1-4,text,true,,21002,381,10,10,3,0,2
1486273530563,648,wordpress,200,OK,User 1-5,text,true,,21001,381,10,10,2,0,0
1486273530633,614,wordpress,200,OK,User 1-8,text,true,,21001,381,10,10,7,0,0
1486273530593,699,wordpress,200,OK,User 1-3,text,true,,21001,381,10,10,1,0,0
1486273530665,702,wordpress,200,OK,User 1-9,text,true,,21001,381,10,10,1,0,0
1486273530607,897,wordpress,200,OK,User 1-1,text,true,,21002,381,10,10,2,0,2
1486273530785,723,wordpress,200,OK,User 1-10,text,true,,21001,381,10,10,1,0,0
1486273530854,747,wordpress,200,OK,User 1-2,text,true,,21002,381,10,10,3,0,1
1486273530869,737,wordpress,200,OK,User 1-6,text,true,,21001,381,10,10,9,0,0
1486273530893,731,wordpress,200,OK,User 1-7,text,true,,21001,381,10,10,1,0,0
1486273531049,632,wordpress,200,OK,User 1-4,text,true,,21001,381,10,10,1,0,0
1486273531293,611,wordpress,200,OK,User 1-3,text,true,,21001,381,10,10,9,0,0
1486273531368,644,wordpress,200,OK,User 1-9,text,true,,21001,381,10,10,6,0,0
1486273531509,649,wordpress,200,OK,User 1-10,text,true,,21001,381,10,10,2,0,0
1486273531505,670,wordpress,200,OK,User 1-1,text,true,,21001,381,10,10,1,0,0
1486273531211,964,wordpress,200,OK,User 1-5,text,true,,21002,381,10,10,3,0,2
1486273531248,951,wordpress,200,OK,User 1-8,text,true,,21002,381,10,10,2,0,1
1486273531624,648,wordpress,200,OK,User 1-7,text,true,,21001,381,10,10,8,0,0
1486273531602,764,wordpress,200,OK,User 1-2,text,true,,21001,381,10,10,2,0,0
1486273531682,732,wordpress,200,OK,User 1-4,text,true,,21001,381,10,10,10,0,0
1486273531607,844,wordpress,200,OK,User 1-6,text,true,,21002,381,10,10,3,0,2
1486273531905,902,wordpress,200,OK,User 1-3,text,true,,21002,381,10,10,3,0,2
1486273532175,641,wordpress,200,OK,User 1-5,text,true,,21001,381,10,10,2,0,0
1486273532175,655,wordpress,200,OK,User 1-1,text,true,,21001,381,10,10,12,0,0
1486273532204,657,wordpress,200,OK,User 1-8,text,true,,21001,381,10,10,1,0,0
1486273532013,902,wordpress,200,OK,User 1-9,text,true,,21002,381,10,10,2,0,1
1486273532159,847,wordpress,200,OK,User 1-10,text,true,,21002,381,10,10,3,0,2
1486273532367,643,wordpress,200,OK,User 1-2,text,true,,21001,381,10,10,2,0,0
1486273532451,605,wordpress,200,OK,User 1-6,text,true,,21001,381,10,10,1,0,0
1486273532273,841,wordpress,200,OK,User 1-7,text,true,,21002,381,10,10,2,0,1
1486273532415,839,wordpress,200,OK,User 1-4,text,true,,21002,381,10,10,3,0,2
1486273532807,646,wordpress,200,OK,User 1-3,text,true,,21001,381,10,10,1,0,0
1486273532817,642,wordpress,200,OK,User 1-5,text,true,,21001,381,10,10,0,0,0
1486273532862,728,wordpress,200,OK,User 1-8,text,true,,21001,381,10,10,3,0,0
1486273533007,631,wordpress,200,OK,User 1-10,text,true,,21001,381,10,10,1,0,0
1486273532915,726,wordpress,200,OK,User 1-9,text,true,,21001,381,10,10,1,0,0
1486273533057,677,wordpress,200,OK,User 1-6,text,true,,21001,381,10,10,7,0,0
1486273532830,932,wordpress,200,OK,User 1-1,text,true,,21002,381,10,10,2,0,1
1486273533115,687,wordpress,200,OK,User 1-7,text,true,,21001,381,10,10,1,0,0
1486273533010,904,wordpress,200,OK,User 1-2,text,true,,21002,381,10,10,4,0,1
1486273533255,700,wordpress,200,OK,User 1-4,text,true,,21001,381,10,10,1,0,0
1486273533454,722,wordpress,200,OK,User 1-3,text,true,,21001,381,10,10,15,0,0
1486273533642,663,wordpress,200,OK,User 1-9,text,true,,21001,381,10,10,4,0,0
1486273533639,687,wordpress,200,OK,User 1-10,text,true,,21001,381,10,10,7,0,0
1486273533460,917,wordpress,200,OK,User 1-5,text,true,,21002,381,10,10,3,0,2
1486273533591,862,wordpress,200,OK,User 1-8,text,true,,21002,381,10,10,3,0,2
1486273533762,708,wordpress,200,OK,User 1-1,text,true,,21001,381,10,10,1,0,0
1486273533802,707,wordpress,200,OK,User 1-7,text,true,,21001,381,10,10,2,0,0
1486273533915,646,wordpress,200,OK,User 1-2,text,true,,21001,381,10,10,1,0,0
1486273533735,862,wordpress,200,OK,User 1-6,text,true,,21002,381,10,10,3,0,2
1486273533955,685,wordpress,200,OK,User 1-4,text,true,,21001,381,10,10,3,0,0
1486273534177,735,wordpress,200,OK,User 1-3,text,true,,21002,381,10,10,2,0,1
1486273534378,712,wordpress,200,OK,User 1-5,text,true,,21001,381,10,10,1,0,0
1486273534454,670,wordpress,200,OK,User 1-8,text,true,,21001,381,10,10,0,0,0
1486273534471,697,wordpress,200,OK,User 1-1,text,true,,21001,381,10,10,4,0,0
1486273534562,671,wordpress,200,OK,User 1-2,text,true,,21001,381,10,10,7,0,0
1486273534306,934,wordpress,200,OK,User 1-9,text,true,,21002,381,10,10,2,0,1
1486273534327,921,wordpress,200,OK,User 1-10,text,true,,21002,381,10,10,3,0,2
1486273534598,673,wordpress,200,OK,User 1-6,text,true,,21001,381,10,10,1,0,0
1486273534510,882,wordpress,200,OK,User 1-7,text,true,,21002,381,10,10,1,0,1
1486273534641,875,wordpress,200,OK,User 1-4,text,true,,21002,381,10,10,2,0,1
1486273534912,709,wordpress,200,OK,User 1-3,text,true,,21001,381,10,10,20,0,0
1486273535090,704,wordpress,200,OK,User 1-5,text,true,,21001,381,10,10,9,0,0
1486273535123,690,wordpress,200,OK,User 1-8,text,true,,21001,381,10,10,6,0,0
1486273535239,670,wordpress,200,OK,User 1-9,text,true,,21001,381,10,10,1,0,0
1486273535270,725,wordpress,200,OK,User 1-6,text,true,,21001,381,10,10,9,0,0
1486273535247,769,wordpress,200,OK,User 1-10,text,true,,21001,381,10,10,1,0,0
1486273535168,874,wordpress,200,OK,User 1-1,text,true,,21002,381,10,10,2,0,1
1486273535392,699,wordpress,200,OK,User 1-7,text,true,,21001,381,10,10,1,0,0
1486273535233,953,wordpress,200,OK,User 1-2,text,true,,21002,381,10,10,1,0,1
1486273535515,688,wordpress,200,OK,User 1-4,text,true,,21001,381,10,10,1,0,0
1486273535622,781,wordpress,200,OK,User 1-3,text,true,,21001,381,10,10,9,0,0
1486273535909,679,wordpress,200,OK,User 1-9,text,true,,21001,381,10,10,2,0,0
1486273535795,867,wordpress,200,OK,User 1-5,text,true,,21002,381,10,10,2,0,1
1486273536016,656,wordpress,200,OK,User 1-10,text,true,,21001,381,10,10,10,0,0
1486273536043,686,wordpress,200,OK,User 1-1,text,true,,21001,381,10,10,1,0,0
1486273535814,916,wordpress,200,OK,User 1-8,text,true,,21002,381,10,10,3,0,1
1486273536092,730,wordpress,200,OK,User 1-7,text,true,,21001,381,10,10,1,0,0
1486273535996,894,wordpress,200,OK,User 1-6,text,true,,21002,381,10,10,2,0,1
1486273536187,708,wordpress,200,OK,User 1-2,text,true,,21001,381,10,10,1,0,0
1486273536204,710,wordpress,200,OK,User 1-4,text,true,,21001,381,10,10,1,0,0
1486273536404,861,wordpress,200,OK,User 1-3,text,true,,21002,381,10,10,4,0,2
1486273536662,659,wordpress,200,OK,User 1-5,text,true,,21001,381,10,10,1,0,0
1486273536730,693,wordpress,200,OK,User 1-8,text,true,,21001,381,10,10,1,0,0
1486273536730,698,wordpress,200,OK,User 1-1,text,true,,21001,381,10,10,1,0,0
1486273536589,880,wordpress,200,OK,User 1-9,text,true,,21002,381,10,10,4,0,2
1486273536891,645,wordpress,200,OK,User 1-6,text,true,,21001,381,10,10,1,0,0
1486273536673,904,wordpress,200,OK,User 1-10,text,true,,21002,381,10,10,2,0,1
1486273536896,734,wordpress,200,OK,User 1-2,text,true,,21001,381,10,10,6,0,0
1486273536822,867,wordpress,200,OK,User 1-7,text,true,,21002,381,10,10,4,0,3
1486273536914,907,wordpress,200,OK,User 1-4,text,true,,21002,381,10,10,4,0,1
1486273537267,657,wordpress,200,OK,User 1-3,text,true,,21001,381,10,10,1,0,0
1486273537470,594,wordpress,200,OK,User 1-9,text,true,,21001,381,10,10,0,0,0
1486273537322,769,wordpress,200,OK,User 1-5,text,true,,21001,381,10,10,4,0,0
1486273537424,707,wordpress,200,OK,User 1-8,text,true,,21001,381,10,10,7,0,0
1486273537537,653,wordpress,200,OK,User 1-6,text,true,,21001,381,10,10,1,0,0
1486273537428,864,wordpress,200,OK,User 1-1,text,true,,21002,381,10,10,3,0,2
1486273537578,775,wordpress,200,OK,User 1-10,text,true,,21001,381,10,10,1,0,0
1486273537689,761,wordpress,200,OK,User 1-7,text,true,,21001,381,10,10,1,0,0
1486273537822,632,wordpress,200,OK,User 1-4,text,true,,21001,381,10,10,0,0,0
1486273537631,945,wordpress,200,OK,User 1-2,text,true,,21002,381,10,10,2,0,1
1486273537925,763,wordpress,200,OK,User 1-3,text,true,,21001,381,10,10,12,0,0
1486273538065,685,wordpress,200,OK,User 1-9,text,true,,21001,381,10,10,24,0,0
1486273538293,665,wordpress,200,OK,User 1-1,text,true,,21001,381,10,10,1,0,0
1486273538091,937,wordpress,200,OK,User 1-5,text,true,,21002,381,10,10,6,0,2
1486273538354,677,wordpress,200,OK,User 1-10,text,true,,21001,381,10,10,6,0,0
1486273538131,912,wordpress,200,OK,User 1-8,text,true,,21002,381,10,10,3,0,2
1486273538191,889,wordpress,200,OK,User 1-6,text,true,,21002,381,10,10,2,0,1
1486273538454,661,wordpress,200,OK,User 1-4,text,true,,21001,381,10,10,10,0,0
1486273538451,681,wordpress,200,OK,User 1-7,text,true,,21001,381,10,10,5,0,0
1486273538577,691,wordpress,200,OK,User 1-2,text,true,,21001,381,10,10,1,0,0
1486273538689,886,wordpress,200,OK,User 1-3,text,true,,21002,381,10,10,1,0,1
1486273538751,892,wordpress,200,OK,User 1-9,text,true,,21002,381,10,10,3,0,2
1486273539028,629,wordpress,200,OK,User 1-5,text,true,,21001,381,10,10,1,0,0
1486273539044,633,wordpress,200,OK,User 1-8,text,true,,21001,381,10,10,1,0,0
1486273539080,622,wordpress,200,OK,User 1-6,text,true,,21001,381,10,10,1,0,0
1486273538959,814,wordpress,200,OK,User 1-1,text,true,,21001,381,10,10,1,0,0
1486273539132,752,wordpress,200,OK,User 1-7,text,true,,21002,381,10,10,2,0,2
1486273539116,777,wordpress,200,OK,User 1-4,text,true,,21002,381,10,10,2,0,1
1486273539269,711,wordpress,200,OK,User 1-2,text,true,,21001,381,10,10,3,0,0
1486273539031,1012,wordpress,200,OK,User 1-10,text,true,,21002,381,10,10,3,0,2
1486273539576,684,wordpress,200,OK,User 1-3,text,true,,21001,381,10,10,1,0,0
1486273539658,721,wordpress,200,OK,User 1-5,text,true,,21001,381,10,10,2,0,0
1486273539644,748,wordpress,200,OK,User 1-9,text,true,,21001,381,10,10,1,0,0
1486273539678,758,wordpress,200,OK,User 1-8,text,true,,21001,381,10,10,1,0,0
1486273539703,766,wordpress,200,OK,User 1-6,text,true,,21001,381,10,10,5,0,0
1486273539893,721,wordpress,200,OK,User 1-4,text,true,,21001,381,10,10,2,0,0
1486273539885,739,wordpress,200,OK,User 1-7,text,true,,21001,381,10,10,8,0,0
1486273539773,901,wordpress,200,OK,User 1-1,text,true,,21002,381,10,10,3,0,1
1486273540043,655,wordpress,200,OK,User 1-10,text,true,,21001,381,10,10,1,0,0
1486273539981,941,wordpress,200,OK,User 1-2,text,true,,21002,381,10,10,1,0,1
1486273540261,663,wordpress,200,OK,User 1-3,text,true,,21001,381,10,10,10,0,0
1486273540393,709,wordpress,200,OK,User 1-9,text,true,,21001,381,10,10,6,0,0
1486273540625,650,wordpress,200,OK,User 1-7,text,true,,21001,381,10,10,2,0,0
1486273540614,689,wordpress,200,OK,User 1-4,text,true,,21001,381,10,10,10,0,0
1486273540380,929,wordpress,200,OK,User 1-5,text,true,,21002,381,10,10,3,0,2
1486273540437,880,wordpress,200,OK,User 1-8,text,true,,21002,381,10,10,1,0,1
1486273540923,415,wordpress,200,OK,User 1-2,text,true,,21001,381,10,10,1,0,0
1486273540470,879,wordpress,200,OK,User 1-6,text,true,,21002,381,10,10,2,0,1
1486273540675,783,wordpress,200,OK,User 1-1,text,true,,21001,381,10,10,1,0,0
1486273540699,792,wordpress,200,OK,User 1-10,text,true,,21001,381,10,10,22,0,0
1486273541102,695,wordpress,200,OK,User 1-9,text,true,,21002,381,10,10,2,0,1
1486273540924,941,wordpress,200,OK,User 1-3,text,true,,21002,381,10,10,2,0,1
1486273541310,641,wordpress,200,OK,User 1-5,text,true,,21001,381,9,9,1,0,0
1486273541318,641,wordpress,200,OK,User 1-8,text,true,,21001,381,8,8,1,0,0
1486273541339,641,wordpress,200,OK,User 1-2,text,true,,21001,381,7,7,1,0,0
1486273541350,644,wordpress,200,OK,User 1-6,text,true,,21001,381,6,6,0,0,0
1486273541458,540,wordpress,200,OK,User 1-1,text,true,,21001,381,5,5,17,0,0
1486273541277,784,wordpress,200,OK,User 1-7,text,true,,21002,381,4,4,2,0,1
1486273541798,279,wordpress,200,OK,User 1-9,text,true,,21001,381,3,3,2,0,0
1486273541304,784,wordpress,200,OK,User 1-4,text,true,,21002,381,2,2,2,0,2
1486273541492,729,wordpress,200,OK,User 1-10,text,true,,21002,381,1,1,2,0,1
